"PC","ExplainedVariance","CumulativeVariance"
"PC1",3.87143151653285,3.87143151653285
"PC2",1.39253501512795,5.2639665316608
"PC3",1.24421945307462,6.50818598473541
"PC4",0.824661182930456,7.33284716766587
"PC5",0.778504322161014,8.11135148982688
"PC6",0.566083644985402,8.67743513481229
"PC7",0.497064480177762,9.17449961499005
"PC8",0.42618925794855,9.6006888729386
"PC9",0.384948940804131,9.98563781374273
"PC10",0.380926285834349,10.3665640995771
"PC11",0.358656984414382,10.7252210839915
"PC12",0.329750321702234,11.0549714056937
"PC13",0.281972653259345,11.336944058953
"PC14",0.274550634615101,11.6114946935681
"PC15",0.261648848016705,11.8731435415848
"PC16",0.255938117470005,12.1290816590549
"PC17",0.252399389643919,12.3814810486988
"PC18",0.234530518709737,12.6160115674085
"PC19",0.225246591173935,12.8412581585824
"PC20",0.218203246653244,13.0594614052357
"PC21",0.21791017699744,13.2773715822331
"PC22",0.209374788573938,13.4867463708071
"PC23",0.201015155770308,13.6877615265774
"PC24",0.200173765390279,13.8879352919677
"PC25",0.19795454227941,14.0858898342471
"PC26",0.189986313619382,14.2758761478664
"PC27",0.184434583945354,14.4603107318118
"PC28",0.18397072781019,14.644281459622
"PC29",0.183710435675484,14.8279918952975
"PC30",0.177875546530418,15.0058674418279
"PC31",0.175780354504357,15.1816477963322
"PC32",0.171283994939546,15.3529317912718
"PC33",0.169533309406565,15.5224651006784
"PC34",0.169194784184392,15.6916598848628
"PC35",0.165552440644255,15.857212325507
"PC36",0.164722202331318,16.0219345278383
"PC37",0.162340250784305,16.1842747786226
"PC38",0.161050362734753,16.3453251413574
"PC39",0.160588782713642,16.505913924071
"PC40",0.159610522473833,16.6655244465449
"PC41",0.159004265824092,16.8245287123689
"PC42",0.157739196525342,16.9822679088943
"PC43",0.15748542386529,17.1397533327596
"PC44",0.155077366930005,17.2948306996896
"PC45",0.154362461251792,17.4491931609414
"PC46",0.152791798996241,17.6019849599376
"PC47",0.152332200058842,17.7543171599965
"PC48",0.151601951126251,17.9059191111227
"PC49",0.151178924016059,18.0570980351388
"PC50",0.149664697529711,18.2067627326685
"PC51",0.149489383947313,18.3562521166158
"PC52",0.147002731089801,18.5032548477056
"PC53",0.146272396395265,18.6495272441009
"PC54",0.14533446017471,18.7948617042756
"PC55",0.144486928091376,18.9393486323669
"PC56",0.143620530951234,19.0829691633182
"PC57",0.141752322152414,19.2247214854706
"PC58",0.141566145237489,19.3662876307081
"PC59",0.141132763623103,19.5074203943312
"PC60",0.14066964563446,19.6480900399656
"PC61",0.140519736003797,19.7886097759694
"PC62",0.139570871731105,19.9281806477006
"PC63",0.138556932320846,20.0667375800214
"PC64",0.13810770136834,20.2048452813897
"PC65",0.137436324812821,20.3422816062026
"PC66",0.13623515461636,20.4785167608189
"PC67",0.135898095837886,20.6144148566568
"PC68",0.135659573724533,20.7500744303813
"PC69",0.134807969420394,20.8848823998017
"PC70",0.134552659894136,21.0194350596959
"PC71",0.134381456533607,21.1538165162295
"PC72",0.133808282845369,21.2876247990748
"PC73",0.133191570803636,21.4208163698785
"PC74",0.13303575356029,21.5538521234388
"PC75",0.132388096722228,21.686240220161
"PC76",0.132304557678948,21.8185447778399
"PC77",0.131814037340201,21.9503588151801
"PC78",0.131000063414627,22.0813588785948
"PC79",0.130611584706802,22.2119704633016
"PC80",0.130378448072858,22.3423489113744
"PC81",0.12993203559933,22.4722809469738
"PC82",0.129464775945993,22.6017457229198
"PC83",0.129160861828992,22.7309065847487
"PC84",0.128454203782629,22.8593607885314
"PC85",0.128150686236308,22.9875114747677
"PC86",0.127660477033414,23.1151719518011
"PC87",0.127194678454723,23.2423666302558
"PC88",0.127094137890274,23.3694607681461
"PC89",0.126421540515854,23.4958823086619
"PC90",0.126175071171091,23.622057379833
"PC91",0.12586519168366,23.7479225715167
"PC92",0.125765904611256,23.873688476128
"PC93",0.125078477347284,23.9987669534752
"PC94",0.124683126027905,24.1234500795031
"PC95",0.124294431093189,24.2477445105963
"PC96",0.12424331868644,24.3719878292828
"PC97",0.123703884712028,24.4956917139948
"PC98",0.12338278603396,24.6190745000288
"PC99",0.123366304092766,24.7424408041215
"PC100",0.122879023730965,24.8653198278525
"PC101",0.122726357855886,24.9880461857084
"PC102",0.122087921238094,25.1101341069465
"PC103",0.121993467262719,25.2321275742092
"PC104",0.121554548175919,25.3536821223851
"PC105",0.121327608577506,25.4750097309626
"PC106",0.12126967270991,25.5962794036725
"PC107",0.120388877269642,25.7166682809422
"PC108",0.120160457481959,25.8368287384241
"PC109",0.120025940714678,25.9568546791388
"PC110",0.119930790461795,26.0767854696006
"PC111",0.11941586960367,26.1962013392043
"PC112",0.119149211285499,26.3153505504898
"PC113",0.119011163941574,26.4343617144313
"PC114",0.118744399440333,26.5531061138717
"PC115",0.118342930293743,26.6714490441654
"PC116",0.118305313457583,26.789754357623
"PC117",0.117917647400311,26.9076720050233
"PC118",0.117880385206085,27.0255523902294
"PC119",0.11737712982589,27.1429295200553
"PC120",0.11723334773996,27.2601628677952
"PC121",0.117011366655383,27.3771742344506
"PC122",0.116621153973279,27.4937953884239
"PC123",0.11649464119988,27.6102900296238
"PC124",0.116298707491931,27.7265887371157
"PC125",0.116025148469926,27.8426138855856
"PC126",0.115450723976631,27.9580646095623
"PC127",0.115298451675837,28.0733630612381
"PC128",0.11525543441854,28.1886184956567
"PC129",0.115098999746346,28.303717495403
"PC130",0.114880956303002,28.418598451706
"PC131",0.114626532248592,28.5332249839546
"PC132",0.114255847377498,28.6474808313321
"PC133",0.11414837448319,28.7616292058153
"PC134",0.113999599798883,28.8756288056142
"PC135",0.113800878205932,28.9894296838201
"PC136",0.113600436396294,29.1030301202164
"PC137",0.113437951157208,29.2164680713736
"PC138",0.113245285050233,29.3297133564238
"PC139",0.112953198048996,29.4426665544728
"PC140",0.112532836080412,29.5551993905532
"PC141",0.112308172824196,29.6675075633774
"PC142",0.112259768810948,29.7797673321884
"PC143",0.112166617428156,29.8919339496165
"PC144",0.111997655734371,30.0039316053509
"PC145",0.11159209575842,30.1155237011093
"PC146",0.11144414933059,30.2269678504399
"PC147",0.111340289359308,30.3383081397992
"PC148",0.111262791414983,30.4495709312142
"PC149",0.11105787552643,30.5606288067406
"PC150",0.110947762803073,30.6715765695437
"PC151",0.110758704751403,30.7823352742951
"PC152",0.110553264260326,30.8928885385554
"PC153",0.110206154626439,31.0030946931819
"PC154",0.110101146131606,31.1131958393135
"PC155",0.109959703476439,31.2231555427899
"PC156",0.109864147538019,31.3330196903279
"PC157",0.109502794142907,31.4425224844709
"PC158",0.109388884949653,31.5519113694205
"PC159",0.109195279107317,31.6611066485278
"PC160",0.10912065205021,31.770227300578
"PC161",0.108919890831825,31.8791471914099
"PC162",0.108771603206998,31.9879187946169
"PC163",0.108732444595196,32.0966512392121
"PC164",0.108645726174206,32.2052969653863
"PC165",0.108284371154465,32.3135813365407
"PC166",0.108090494179046,32.4216718307198
"PC167",0.108045621415537,32.5297174521353
"PC168",0.107965437520109,32.6376828896554
"PC169",0.107757179862999,32.7454400695184
"PC170",0.107589420001405,32.8530294895198
"PC171",0.107508733647397,32.9605382231672
"PC172",0.107392250102522,33.0679304732697
"PC173",0.107189055557466,33.1751195288272
"PC174",0.107092342898257,33.2822118717255
"PC175",0.106858202433619,33.3890700741591
"PC176",0.106675246709538,33.4957453208686
"PC177",0.10650943216515,33.6022547530338
"PC178",0.106366572449003,33.7086213254828
"PC179",0.106248227936638,33.8148695534194
"PC180",0.105983860541867,33.9208534139613
"PC181",0.105935059745633,34.0267884737069
"PC182",0.105787318178378,34.1325757918853
"PC183",0.105494283699242,34.2380700755845
"PC184",0.105248316963906,34.3433183925484
"PC185",0.105137128523636,34.4484555210721
"PC186",0.105074101303703,34.5535296223758
"PC187",0.104861204685178,34.658390827061
"PC188",0.104618655693395,34.7630094827543
"PC189",0.104598989931414,34.8676084726858
"PC190",0.10455000027207,34.9721584729578
"PC191",0.104411294349234,35.0765697673071
"PC192",0.104301835016606,35.1808716023237
"PC193",0.104070243613469,35.2849418459371
"PC194",0.103919055621537,35.3888609015587
"PC195",0.103768612122753,35.4926295136814
"PC196",0.103669009398415,35.5962985230798
"PC197",0.103571579452288,35.6998701025321
"PC198",0.103499865939575,35.8033699684717
"PC199",0.103290837004408,35.9066608054761
"PC200",0.103172325969468,36.0098331314456
"PC201",0.103063831426332,36.1128969628719
"PC202",0.103008337034634,36.2159052999066
"PC203",0.102810275636028,36.3187155755426
"PC204",0.102792797290597,36.4215083728332
"PC205",0.102617394570052,36.5241257674032
"PC206",0.102431391013878,36.6265571584171
"PC207",0.102290389475608,36.7288475478927
"PC208",0.102195243507384,36.8310427914001
"PC209",0.102120180009068,36.9331629714092
"PC210",0.102100503419438,37.0352634748286
"PC211",0.101954340537815,37.1372178153664
"PC212",0.10187150632359,37.23908932169
"PC213",0.101806347278305,37.3408956689683
"PC214",0.101702241803191,37.4425979107715
"PC215",0.101536373242884,37.5441342840144
"PC216",0.101499450839308,37.6456337348537
"PC217",0.101290320051531,37.7469240549052
"PC218",0.101221921549309,37.8481459764545
"PC219",0.101141152243435,37.949287128698
"PC220",0.100941372426911,38.0502285011249
"PC221",0.10072281413067,38.1509513152556
"PC222",0.100670750336487,38.251622065592
"PC223",0.10058077779484,38.3522028433869
"PC224",0.100476794886736,38.4526796382736
"PC225",0.100363841371318,38.5530434796449
"PC226",0.100320263303387,38.6533637429483
"PC227",0.100205423768052,38.7535691667164
"PC228",0.100164199012685,38.8537333657291
"PC229",0.100050424916452,38.9537837906455
"PC230",0.0998667574733822,39.0536505481189
"PC231",0.0997548471861614,39.1534053953051
"PC232",0.0995817433347339,39.2529871386398
"PC233",0.0995188040593708,39.3525059426992
"PC234",0.0994756080274885,39.4519815507266
"PC235",0.0993948718797721,39.5513764226064
"PC236",0.0992434416523278,39.6506198642587
"PC237",0.0990483803613519,39.7496682446201
"PC238",0.0990015557777637,39.8486698003979
"PC239",0.0989337083489719,39.9476035087468
"PC240",0.0988213810183868,40.0464248897652
"PC241",0.0987432348842196,40.1451681246494
"PC242",0.098603094557876,40.2437712192073
"PC243",0.0985822873633401,40.3423535065707
"PC244",0.0983864108561441,40.4407399174268
"PC245",0.0983226720808211,40.5390625895076
"PC246",0.0982379547938434,40.6373005443015
"PC247",0.0980746265564046,40.7353751708579
"PC248",0.0979060465199352,40.8332812173778
"PC249",0.0977794489892168,40.931060666367
"PC250",0.0976933821919505,41.028754048559
"PC251",0.0976681886924221,41.1264222372514
"PC252",0.0975998955181829,41.2240221327696
"PC253",0.0974887667950598,41.3215108995646
"PC254",0.097308877078334,41.418819776643
"PC255",0.0972724944868887,41.5160922711299
"PC256",0.0972037649081069,41.613296036038
"PC257",0.0971387604499868,41.710434796488
"PC258",0.0970507298778652,41.8074855263658
"PC259",0.0968728398001847,41.904358366166
"PC260",0.096820131499166,42.0011784976652
"PC261",0.0968015804516521,42.0979800781168
"PC262",0.0967692329973456,42.1947493111142
"PC263",0.0966543736117367,42.2914036847259
"PC264",0.0965450332420038,42.3879487179679
"PC265",0.0965000651729292,42.4844487831408
"PC266",0.096413317848836,42.5808621009897
"PC267",0.0962870411263959,42.6771491421161
"PC268",0.0962079927084614,42.7733571348245
"PC269",0.0961209275461502,42.8694780623707
"PC270",0.0959762633699646,42.9654543257406
"PC271",0.0959420708004323,43.0613963965411
"PC272",0.0958544670557409,43.1572508635968
"PC273",0.095728679635589,43.2529795432324
"PC274",0.0956643151705154,43.3486438584029
"PC275",0.0955948065482579,43.4442386649512
"PC276",0.0955391234608633,43.539777788412
"PC277",0.0955189662123541,43.6352967546244
"PC278",0.095401945633747,43.7306987002581
"PC279",0.0953196196803383,43.8260183199385
"PC280",0.0952306846354369,43.9212490045739
"PC281",0.0951622608990797,44.016411265473
"PC282",0.0951175585706726,44.1115288240437
"PC283",0.0950157840157398,44.2065446080594
"PC284",0.0949473896940411,44.3014919977535
"PC285",0.0949135171750308,44.3964055149285
"PC286",0.0947998105664481,44.4912053254949
"PC287",0.0947068504337817,44.5859121759287
"PC288",0.0946621762334185,44.6805743521621
"PC289",0.0945771619939814,44.7751515141561
"PC290",0.094447269933292,44.8695987840894
"PC291",0.0943624975008151,44.9639612815902
"PC292",0.0943076015425968,45.0582688831328
"PC293",0.0942718661235249,45.1525407492563
"PC294",0.094166370961324,45.2467071202177
"PC295",0.0941077423795397,45.3408148625972
"PC296",0.0940850086114667,45.4348998712087
"PC297",0.0940237029492397,45.5289235741579
"PC298",0.0939137393167206,45.6228373134746
"PC299",0.0937089777304131,45.716546291205
"PC300",0.0936750102114374,45.8102213014165
"PC301",0.0935620322705941,45.9037833336871
"PC302",0.0935250785570643,45.9973084122441
"PC303",0.0934272664676947,46.0907356787118
"PC304",0.0934115136557802,46.1841471923676
"PC305",0.0933700042230498,46.2775171965907
"PC306",0.0932606859481247,46.3707778825388
"PC307",0.093219400195524,46.4639972827343
"PC308",0.0931039887918567,46.5571012715262
"PC309",0.0930401953700697,46.6501414668962
"PC310",0.0929487371473539,46.7430902040436
"PC311",0.0928635162657193,46.8359537203093
"PC312",0.0928232758271499,46.9287769961365
"PC313",0.0927597222599352,47.0215367183964
"PC314",0.0926542861728497,47.1141910045692
"PC315",0.0925920082086314,47.2067830127779
"PC316",0.0925481508524288,47.2993311636303
"PC317",0.0925019052658109,47.3918330688961
"PC318",0.0923620026997752,47.4841950715959
"PC319",0.0923156004143309,47.5765106720102
"PC320",0.0922623868873351,47.6687730588976
"PC321",0.0922135043009708,47.7609865631985
"PC322",0.0921500118310147,47.8531365750295
"PC323",0.0921090105185161,47.9452455855481
"PC324",0.0920693127729521,48.037314898321
"PC325",0.091888093312692,48.1292029916337
"PC326",0.0918020426190592,48.2210050342528
"PC327",0.0917262319668325,48.3127312662196
"PC328",0.0916101436680034,48.4043414098876
"PC329",0.0915780249814372,48.495919434869
"PC330",0.0915100337543392,48.5874294686234
"PC331",0.091476219831694,48.6789056884551
"PC332",0.0914064205166813,48.7703121089718
"PC333",0.0913941828020091,48.8617062917738
"PC334",0.0913523476075181,48.9530586393813
"PC335",0.0912671093984374,49.0443257487797
"PC336",0.0911936362364544,49.1355193850162
"PC337",0.0910794422388263,49.226598827255
"PC338",0.0910479196225571,49.3176467468776
"PC339",0.0909530111720902,49.4085997580496
"PC340",0.0908058694813558,49.499405627531
"PC341",0.0908021046759185,49.5902077322069
"PC342",0.0907539845357034,49.6809617167426
"PC343",0.090672527411278,49.7716342441539
"PC344",0.0906517367654059,49.8622859809193
"PC345",0.0906040055381418,49.9528899864574
"PC346",0.0905314667407638,50.0434214531982
"PC347",0.0904811475474264,50.1339026007456
"PC348",0.0904270270625188,50.2243296278082
"PC349",0.0903836989860532,50.3147133267942
"PC350",0.0903347782091894,50.4050481050034
"PC351",0.090255524641897,50.4953036296453
"PC352",0.090141303135117,50.5854449327804
"PC353",0.0901103300547528,50.6755552628352
"PC354",0.0900382158094159,50.7655934786446
"PC355",0.0899946199746581,50.8555880986192
"PC356",0.089884625429442,50.9454727240487
"PC357",0.0898001525673316,51.035272876616
"PC358",0.0897730740780514,51.1250459506941
"PC359",0.0897254379872737,51.2147713886813
"PC360",0.0896579515566429,51.304429340238
"PC361",0.0895766396654221,51.3940059799034
"PC362",0.0895457048804667,51.4835516847839
"PC363",0.0895098678826951,51.5730615526666
"PC364",0.0893933680534934,51.6624549207201
"PC365",0.0893555104529451,51.751810431173
"PC366",0.0892831343150007,51.841093565488
"PC367",0.0892162990744741,51.9303098645625
"PC368",0.0891304533128004,52.0194403178753
"PC369",0.0890857566853215,52.1085260745606
"PC370",0.0890533482224869,52.1975794227831
"PC371",0.088957700210135,52.2865371229932
"PC372",0.0889275240111067,52.3754646470043
"PC373",0.0888545005984128,52.4643191476027
"PC374",0.0887455320746492,52.5530646796774
"PC375",0.0886890612205573,52.641753740898
"PC376",0.0886328348732245,52.7303865757712
"PC377",0.0886049516667583,52.8189915274379
"PC378",0.0885259246923629,52.9075174521303
"PC379",0.0885034567785772,52.9960209089089
"PC380",0.0884562375519906,53.0844771464609
"PC381",0.0883809333460639,53.1728580798069
"PC382",0.0883217573475495,53.2611798371545
"PC383",0.088262243113938,53.3494420802684
"PC384",0.0882059972607003,53.4376480775291
"PC385",0.0881821103512606,53.5258301878804
"PC386",0.0881532874176965,53.6139834752981
"PC387",0.0880584360973969,53.7020419113955
"PC388",0.087979665616612,53.7900215770121
"PC389",0.0878937459980958,53.8779153230102
"PC390",0.087847318819375,53.9657626418296
"PC391",0.0877770697425903,54.0535397115721
"PC392",0.087721003463734,54.1412607150359
"PC393",0.0876672986664791,54.2289280137024
"PC394",0.0875626208324257,54.3164906345348
"PC395",0.087540798421139,54.4040314329559
"PC396",0.0874792204458228,54.4915106534017
"PC397",0.0874675684061738,54.5789782218079
"PC398",0.0874127843516327,54.6663910061596
"PC399",0.0873483393984184,54.753739345558
"PC400",0.0872943738559898,54.841033719414
"PC401",0.0872553690074175,54.9282890884214
"PC402",0.0872190911370927,55.0155081795585
"PC403",0.0871664966267256,55.1026746761852
"PC404",0.0870945635087139,55.1897692396939
"PC405",0.0870900435338525,55.2768592832278
"PC406",0.086986286720177,55.3638455699479
"PC407",0.0869355302244089,55.4507811001723
"PC408",0.086904328148386,55.5376854283207
"PC409",0.0868260328718123,55.6245114611925
"PC410",0.0867986905822707,55.7113101517748
"PC411",0.0867413511878627,55.7980515029627
"PC412",0.0866403297057083,55.8846918326684
"PC413",0.0865308173869702,55.9712226500554
"PC414",0.0865120781221025,56.0577347281775
"PC415",0.08647456393491,56.1442092921124
"PC416",0.0864283757311325,56.2306376678435
"PC417",0.0863747466778508,56.3170124145214
"PC418",0.0863660359274082,56.4033784504488
"PC419",0.0862469341430211,56.4896253845918
"PC420",0.0862363256778897,56.5758617102697
"PC421",0.0861478564484603,56.6620095667181
"PC422",0.086109059861543,56.7481186265797
"PC423",0.0860877320737568,56.8342063586534
"PC424",0.0860511614836118,56.920257520137
"PC425",0.0859802308379324,57.006237750975
"PC426",0.0859240213520071,57.092161772327
"PC427",0.085833789534624,57.1779955618616
"PC428",0.0858089594827365,57.2638045213443
"PC429",0.0857486247783767,57.3495531461227
"PC430",0.0857141322127241,57.4352672783354
"PC431",0.0856683802276562,57.5209356585631
"PC432",0.0856266390268841,57.60656229759
"PC433",0.085560014744847,57.6921223123348
"PC434",0.0854890808501709,57.777611393185
"PC435",0.0854535119635008,57.8630649051485
"PC436",0.0854340503701638,57.9484989555187
"PC437",0.0853730120706757,58.0338719675893
"PC438",0.0853018252202521,58.1191737928096
"PC439",0.0852407585598505,58.2044145513694
"PC440",0.085221225851766,58.2896357772212
"PC441",0.0851175527208495,58.3747533299421
"PC442",0.085096696926857,58.4598500268689
"PC443",0.0850307792431458,58.5448808061121
"PC444",0.0850053948796912,58.6298862009918
"PC445",0.0849745037242353,58.714860704716
"PC446",0.0849168379612999,58.7997775426773
"PC447",0.084888386637852,58.8846659293151
"PC448",0.0848243037874663,58.9694902331026
"PC449",0.0847733487599227,59.0542635818625
"PC450",0.0847347901167424,59.1389983719793
"PC451",0.0846981622042693,59.2236965341835
"PC452",0.0846831109364119,59.30837964512
"PC453",0.084579466462948,59.3929591115829
"PC454",0.0845243792902481,59.4774834908731
"PC455",0.0844919681926035,59.5619754590658
"PC456",0.0844445475307733,59.6464200065965
"PC457",0.0844006412710405,59.7308206478676
"PC458",0.0843633451161275,59.8151839929837
"PC459",0.0842959156150538,59.8994799085987
"PC460",0.0842306695448985,59.9837105781437
"PC461",0.0841706000613619,60.067881178205
"PC462",0.0841289742892033,60.1520101524942
"PC463",0.0840897758344442,60.2360999283287
"PC464",0.084045235191061,60.3201451635197
"PC465",0.0839824318953765,60.4041275954151
"PC466",0.0839387253499602,60.4880663207651
"PC467",0.0839164467889858,60.571982767554
"PC468",0.0838924958032281,60.6558752633573
"PC469",0.0838299285388457,60.7397051918961
"PC470",0.0837790653411329,60.8234842572372
"PC471",0.0837691188263457,60.9072533760636
"PC472",0.0837171139328859,60.9909704899965
"PC473",0.0836716316183586,61.0746421216148
"PC474",0.0836417124060548,61.1582838340209
"PC475",0.0835190927051939,61.2418029267261
"PC476",0.0834959328666185,61.3252988595927
"PC477",0.0834563162849528,61.4087551758777
"PC478",0.0834305463740905,61.4921857222517
"PC479",0.0833521725007582,61.5755378947525
"PC480",0.0833357214180941,61.6588736161706
"PC481",0.0832835361151016,61.7421571522857
"PC482",0.0832510771419276,61.8254082294276
"PC483",0.08319517293753,61.9086034023652
"PC484",0.083137456834316,61.9917408591995
"PC485",0.0831104682975659,62.074851327497
"PC486",0.0830914381572592,62.1579427656543
"PC487",0.0830578938473977,62.2410006595017
"PC488",0.0829816730280804,62.3239823325298
"PC489",0.0829329512537639,62.4069152837835
"PC490",0.08292045733739,62.4898357411209
"PC491",0.082891780038176,62.5727275211591
"PC492",0.0828044488884971,62.6555319700476
"PC493",0.082750633646749,62.7382826036944
"PC494",0.0826878886156765,62.82097049231
"PC495",0.0826477114061796,62.9036182037162
"PC496",0.0826127128636296,62.9862309165798
"PC497",0.0825292434893712,63.0687601600692
"PC498",0.082489867122562,63.1512500271918
"PC499",0.0824084317904843,63.2336584589823
"PC500",0.0823811261745605,63.3160395851568
"PC501",0.0823224231613426,63.3983620083182
"PC502",0.0822894700461546,63.4806514783643
"PC503",0.0822533574858852,63.5629048358502
"PC504",0.0822152389853281,63.6451200748355
"PC505",0.0821710704085934,63.7272911452441
"PC506",0.0821612829246692,63.8094524281688
"PC507",0.0821265014502244,63.891578929619
"PC508",0.0820477805006365,63.9736267101197
"PC509",0.0819898933544067,64.0556166034741
"PC510",0.0819445739820529,64.1375611774561
"PC511",0.0819160325221364,64.2194772099783
"PC512",0.0818658781782263,64.3013430881565
"PC513",0.0818212585362736,64.3831643466928
"PC514",0.0817599415894476,64.4649242882822
"PC515",0.0817347899532659,64.5466590782355
"PC516",0.0816899626269825,64.6283490408624
"PC517",0.0816454461690462,64.7099944870315
"PC518",0.0816074982540436,64.7916019852855
"PC519",0.0815477661042532,64.8731497513898
"PC520",0.0815073623239187,64.9546571137137
"PC521",0.0814462078942962,65.036103321608
"PC522",0.081392196968966,65.117495518577
"PC523",0.0813593729112773,65.1988548914883
"PC524",0.0813386138730705,65.2801935053613
"PC525",0.0813102851767136,65.361503790538
"PC526",0.0812546547128082,65.4427584452508
"PC527",0.0811933667140332,65.5239518119649
"PC528",0.0811441733281725,65.605095985293
"PC529",0.0810962768073812,65.6861922621004
"PC530",0.0810563438395841,65.76724860594
"PC531",0.0810150012710043,65.848263607211
"PC532",0.0809632597618833,65.9292268669729
"PC533",0.080931318201872,66.0101581851748
"PC534",0.08090084474957,66.0910590299243
"PC535",0.0808685100098054,66.1719275399341
"PC536",0.0807790835432157,66.2527066234774
"PC537",0.0807603996535519,66.3334670231309
"PC538",0.0806905286424105,66.4141575517733
"PC539",0.0806593946231769,66.4948169463965
"PC540",0.0806260787739485,66.5754430251704
"PC541",0.0805818888172005,66.6560249139877
"PC542",0.0805300234489814,66.7365549374366
"PC543",0.0804783776319738,66.8170333150686
"PC544",0.0804464551907337,66.8974797702593
"PC545",0.0804024094447956,66.9778821797041
"PC546",0.0803077900650898,67.0581899697692
"PC547",0.0802750049643065,67.1384649747335
"PC548",0.0802566908734849,67.218721665607
"PC549",0.0802037424523785,67.2989254080594
"PC550",0.0801537700468502,67.3790791781062
"PC551",0.0800852706563656,67.4591644487626
"PC552",0.0800652646513326,67.5392297134139
"PC553",0.0800306338111814,67.6192603472251
"PC554",0.0799940126299091,67.699254359855
"PC555",0.0799698168903372,67.7792241767454
"PC556",0.0798941727939654,67.8591183495393
"PC557",0.0798746544715703,67.9389930040109
"PC558",0.079840125745106,68.018833129756
"PC559",0.079751709555318,68.0985848393113
"PC560",0.0797349023931311,68.1783197417045
"PC561",0.0797065658034812,68.2580263075079
"PC562",0.0796502208975693,68.3376765284055
"PC563",0.0796194300380796,68.4172959584436
"PC564",0.0795967249489642,68.4968926833926
"PC565",0.07955218375425,68.5764448671468
"PC566",0.0795074052294776,68.6559522723763
"PC567",0.0794456830704875,68.7353979554468
"PC568",0.0793688429907091,68.8147667984375
"PC569",0.0793508583156442,68.8941176567531
"PC570",0.0793269786259465,68.9734446353791
"PC571",0.0792753358648312,69.0527199712439
"PC572",0.0792471232976203,69.1319670945415
"PC573",0.0792020447711175,69.2111691393126
"PC574",0.0791782966319304,69.2903474359446
"PC575",0.0791250180651937,69.3694724540098
"PC576",0.0790753130860798,69.4485477670958
"PC577",0.0790063409296228,69.5275541080255
"PC578",0.0789558746014307,69.6065099826269
"PC579",0.0789044385329832,69.6854144211599
"PC580",0.0788614678931437,69.764275889053
"PC581",0.0787969454666079,69.8430728345196
"PC582",0.0787902817704654,69.9218631162901
"PC583",0.0787381133325446,70.0006012296226
"PC584",0.0786872791879524,70.0792885088106
"PC585",0.078643138805745,70.1579316476163
"PC586",0.0786154230203886,70.2365470706367
"PC587",0.0785730120148945,70.3151200826516
"PC588",0.0785072880024261,70.393627370654
"PC589",0.0784972203428918,70.4721245909969
"PC590",0.078443667397757,70.5505682583947
"PC591",0.078432806942982,70.6290010653377
"PC592",0.0783743034039025,70.7073753687416
"PC593",0.0783442024552412,70.7857195711968
"PC594",0.0783213394682662,70.8640409106651
"PC595",0.0782438447795757,70.9422847554447
"PC596",0.0782010436920217,71.0204857991367
"PC597",0.0781597316880537,71.0986455308247
"PC598",0.0780978288181229,71.1767433596429
"PC599",0.0780699120433534,71.2548132716862
"PC600",0.0780459159130828,71.3328591875993
"PC601",0.0780325398940233,71.4108917274933
"PC602",0.0779116327405282,71.4888033602338
"PC603",0.0778877129393108,71.5666910731732
"PC604",0.0778451710034027,71.6445362441766
"PC605",0.0778293286817336,71.7223655728583
"PC606",0.077769319070712,71.800134891929
"PC607",0.0777367414225551,71.8778716333516
"PC608",0.0776910875700718,71.9555627209216
"PC609",0.0776411777704859,72.0332038986921
"PC610",0.0776151150612673,72.1108190137534
"PC611",0.0775760791886519,72.188395092942
"PC612",0.0774934634611372,72.2658885564032
"PC613",0.0774711238412762,72.3433596802444
"PC614",0.0774548874690675,72.4208145677135
"PC615",0.0774205745753026,72.4982351422888
"PC616",0.0773384915433926,72.5755736338322
"PC617",0.0773065954207733,72.652880229253
"PC618",0.0772624490794772,72.7301426783325
"PC619",0.0772330628710784,72.8073757412035
"PC620",0.0771795446475328,72.8845552858511
"PC621",0.0771688452473617,72.9617241310984
"PC622",0.0771334662862754,73.0388575973847
"PC623",0.0771190101624117,73.1159766075471
"PC624",0.0770105474841248,73.1929871550312
"PC625",0.0769824730444401,73.2699696280757
"PC626",0.0769590592122489,73.3469286872879
"PC627",0.0769022212851812,73.4238309085731
"PC628",0.0768694073554486,73.5007003159286
"PC629",0.0768407284218742,73.5775410443504
"PC630",0.0768068367192216,73.6543478810697
"PC631",0.0767327513688639,73.7310806324385
"PC632",0.0767065437884472,73.807787176227
"PC633",0.0766947428939096,73.8844819191209
"PC634",0.0766410410118935,73.9611229601328
"PC635",0.0766323369305109,74.0377552970633
"PC636",0.0765793584299696,74.1143346554933
"PC637",0.0765289673353076,74.1908636228286
"PC638",0.0764690610250144,74.2673326838536
"PC639",0.0764402808574031,74.343772964711
"PC640",0.0764111363125851,74.4201841010236
"PC641",0.0764019560642714,74.4965860570878
"PC642",0.0763447015821645,74.57293075867
"PC643",0.0763286499129055,74.6492594085829
"PC644",0.0762934334571379,74.72555284204
"PC645",0.0762023340828716,74.8017551761229
"PC646",0.0761420905748773,74.8778972666978
"PC647",0.0761034709330227,74.9540007376308
"PC648",0.0760791017494246,75.0300798393802
"PC649",0.0760243400595082,75.1061041794398
"PC650",0.07597153326743,75.1820757127072
"PC651",0.0759252025044704,75.2580009152117
"PC652",0.0758634946774119,75.3338644098891
"PC653",0.0758607688016606,75.4097251786907
"PC654",0.0758365673099432,75.4855617460007
"PC655",0.0758139847272398,75.5613757307279
"PC656",0.0757755369830318,75.6371512677109
"PC657",0.0757560732188641,75.7129073409298
"PC658",0.0757214379793539,75.7886287789092
"PC659",0.0756474946443006,75.8642762735535
"PC660",0.0756094005269927,75.9398856740805
"PC661",0.0755385480279803,76.0154242221084
"PC662",0.0755032812654316,76.0909275033739
"PC663",0.075479330746976,76.1664068341208
"PC664",0.0754633419290015,76.2418701760498
"PC665",0.075404732901879,76.3172749089517
"PC666",0.0753527492326624,76.3926276581844
"PC667",0.0753031782237843,76.4679308364082
"PC668",0.0752624736590236,76.5431933100672
"PC669",0.0752222659949725,76.6184155760622
"PC670",0.0752105438325383,76.6936261198947
"PC671",0.0751383185227821,76.7687644384175
"PC672",0.0750869198138658,76.8438513582313
"PC673",0.0750687393376002,76.918920097569
"PC674",0.0750409906189305,76.9939610881879
"PC675",0.0750087601518916,77.0689698483398
"PC676",0.0749743396731407,77.1439441880129
"PC677",0.0749058602526086,77.2188500482655
"PC678",0.0748301266425398,77.2936801749081
"PC679",0.0748206245270841,77.3685007994352
"PC680",0.0747543444732968,77.4432551439084
"PC681",0.0747264919870167,77.5179816358955
"PC682",0.0746527965760953,77.5926344324716
"PC683",0.0745917937705464,77.6672262262421
"PC684",0.0745642052717692,77.7417904315139
"PC685",0.0745299269367017,77.8163203584506
"PC686",0.0744818964414738,77.8908022548921
"PC687",0.0744472796571597,77.9652495345492
"PC688",0.0743612548889781,78.0396107894382
"PC689",0.0743542050898905,78.1139649945281
"PC690",0.0742742194603273,78.1882392139884
"PC691",0.0742294174079521,78.2624686313964
"PC692",0.0742152972076927,78.336683928604
"PC693",0.0742148029949791,78.410898731599
"PC694",0.0741771874120898,78.4850759190111
"PC695",0.0741052826257571,78.5591812016369
"PC696",0.0740637832025337,78.6332449848394
"PC697",0.0740115223157114,78.7072565071551
"PC698",0.0739872631480365,78.7812437703031
"PC699",0.0739370020595201,78.8551807723627
"PC700",0.0738749911102424,78.9290557634729
"PC701",0.073860278706363,79.0029160421793
"PC702",0.0738252438060347,79.0767412859853
"PC703",0.0737669735271147,79.1505082595124
"PC704",0.0737413366817675,79.2242495961942
"PC705",0.0737331931908487,79.297982789385
"PC706",0.0736520569199385,79.371634846305
"PC707",0.0736321931734322,79.4452670394784
"PC708",0.0736097226409456,79.5188767621194
"PC709",0.0735681317742186,79.5924448938936
"PC710",0.0735502091524427,79.665995103046
"PC711",0.0734481851448265,79.7394432881909
"PC712",0.0734019927810243,79.8128452809719
"PC713",0.0733613714314428,79.8862066524033
"PC714",0.0733537364403962,79.9595603888437
"PC715",0.0733261657408488,80.0328865545846
"PC716",0.073271400293554,80.1061579548781
"PC717",0.0732454743801622,80.1794034292583
"PC718",0.0732028970239205,80.2526063262822
"PC719",0.0731582797689842,80.3257646060512
"PC720",0.0730626747697345,80.3988272808209
"PC721",0.0730362735391159,80.47186355436
"PC722",0.0729963218736653,80.5448598762337
"PC723",0.0729468568842446,80.6178067331179
"PC724",0.0729303643571908,80.6907370974751
"PC725",0.0729104528209272,80.7636475502961
"PC726",0.0728682050970425,80.8365157553931
"PC727",0.0728356022741898,80.9093513576673
"PC728",0.0727809580923244,80.9821323157596
"PC729",0.0727683375962852,81.0549006533559
"PC730",0.0727092277309808,81.1276098810869
"PC731",0.0726670118012129,81.2002768928881
"PC732",0.0725726845772179,81.2728495774653
"PC733",0.0725586468322261,81.3454082242975
"PC734",0.0724966791518273,81.4179049034494
"PC735",0.0724633814488515,81.4903682848982
"PC736",0.0724510288364535,81.5628193137347
"PC737",0.072372429395177,81.6351917431299
"PC738",0.0723372809811608,81.707529024111
"PC739",0.0723091865762671,81.7798382106873
"PC740",0.0722518256818403,81.8520900363691
"PC741",0.0722405841711631,81.9243306205403
"PC742",0.0721507439841723,81.9964813645245
"PC743",0.0721347320659777,82.0686160965904
"PC744",0.0720862489871859,82.1407023455776
"PC745",0.0720378269382222,82.2127401725158
"PC746",0.0720171467993691,82.2847573193152
"PC747",0.0719917467305175,82.3567490660457
"PC748",0.0719525335922567,82.428701599638
"PC749",0.0719383166956428,82.5006399163336
"PC750",0.0718985752427774,82.5725384915764
"PC751",0.0718178626937375,82.6443563542701
"PC752",0.0717614112848484,82.716117765555
"PC753",0.0717588662740775,82.7878766318291
"PC754",0.0717307601382521,82.8596073919673
"PC755",0.071632259784933,82.9312396517523
"PC756",0.0716264282459174,83.0028660799982
"PC757",0.0715777226950551,83.0744438026932
"PC758",0.0715583206544218,83.1460021233476
"PC759",0.0714769936269123,83.2174791169746
"PC760",0.0714365436514281,83.288915660626
"PC761",0.0713582376005499,83.3602738982265
"PC762",0.0713131017569109,83.4315869999835
"PC763",0.0712645801923994,83.5028515801758
"PC764",0.0712470013281286,83.574098581504
"PC765",0.0712349158190645,83.645333497323
"PC766",0.0712162287779075,83.716549726101
"PC767",0.0712065361337801,83.7877562622347
"PC768",0.0711845115751148,83.8589407738098
"PC769",0.0710835090838692,83.9300242828937
"PC770",0.0710571482893516,84.0010814311831
"PC771",0.0710408725678835,84.0721223037509
"PC772",0.0709841511588589,84.1431064549098
"PC773",0.0709234571298001,84.2140299120396
"PC774",0.0708995727208662,84.2849294847605
"PC775",0.0708438407557485,84.3557733255162
"PC776",0.0708283193749025,84.4266016448911
"PC777",0.0707456862908511,84.497347331182
"PC778",0.0707154275504201,84.5680627587324
"PC779",0.0706843790475967,84.63874713778
"PC780",0.0706252539051487,84.7093723916851
"PC781",0.0705524920140153,84.7799248836992
"PC782",0.0705184497028723,84.850443333402
"PC783",0.0704758778023267,84.9209192112043
"PC784",0.0704600744848043,84.9913792856892
"PC785",0.0704236754865789,85.0618029611757
"PC786",0.070349106426469,85.1321520676022
"PC787",0.0703351197301492,85.2024871873324
"PC788",0.0703109716340904,85.2727981589665
"PC789",0.0702455144170002,85.3430436733834
"PC790",0.0702049953677635,85.4132486687512
"PC791",0.0701724151350313,85.4834210838862
"PC792",0.0701252521038882,85.5535463359901
"PC793",0.0700782318650708,85.6236245678552
"PC794",0.0700423173061211,85.6936668851613
"PC795",0.0699496850718979,85.7636165702332
"PC796",0.0699415087675964,85.8335580790008
"PC797",0.0698293065972239,85.903387385598
"PC798",0.0698135574000235,85.9732009429981
"PC799",0.0697622575277506,86.0429632005258
"PC800",0.0697278989108808,86.1126910994367
"PC801",0.0697089025303213,86.182400001967
"PC802",0.0696665482802551,86.2520665502473
"PC803",0.0696300838077173,86.321696634055
"PC804",0.0695926884641535,86.3912893225191
"PC805",0.0695335448826493,86.4608228674018
"PC806",0.0694798032326861,86.5303026706345
"PC807",0.0694343481063769,86.5997370187409
"PC808",0.069356357744658,86.6690933764855
"PC809",0.0693179835596391,86.7384113600451
"PC810",0.0692736427866549,86.8076850028318
"PC811",0.0692121350021444,86.876897137834
"PC812",0.0691939927121686,86.9460911305461
"PC813",0.069098770404894,87.015189900951
"PC814",0.069051115278457,87.0842410162295
"PC815",0.0689924155681039,87.1532334317976
"PC816",0.0689746423157117,87.2222080741133
"PC817",0.0689315111321324,87.2911395852454
"PC818",0.0688884851108373,87.3600280703563
"PC819",0.0688430568666717,87.4288711272229
"PC820",0.068780373283354,87.4976515005063
"PC821",0.0687652499373485,87.5664167504436
"PC822",0.0687244528303472,87.635141203274
"PC823",0.0686859883421906,87.7038271916162
"PC824",0.0686275534931347,87.7724547451093
"PC825",0.0685977131401681,87.8410524582495
"PC826",0.068573098646588,87.9096255568961
"PC827",0.0685121520668822,87.9781377089629
"PC828",0.0684372942043559,88.0465750031673
"PC829",0.0684031779338439,88.1149781811011
"PC830",0.0683707085473066,88.1833488896484
"PC831",0.0683338621522376,88.2516827518007
"PC832",0.0682940787853159,88.319976830586
"PC833",0.0682599788473278,88.3882368094333
"PC834",0.0682132329070107,88.4564500423403
"PC835",0.0681798040183887,88.5246298463587
"PC836",0.0680780621044086,88.5927079084631
"PC837",0.0680360337899935,88.6607439422531
"PC838",0.067979987482485,88.7287239297356
"PC839",0.0679077846934282,88.796631714429
"PC840",0.067850102856401,88.8644818172854
"PC841",0.0678402407416588,88.9323220580271
"PC842",0.0677863215552441,89.0001083795823
"PC843",0.067778021610552,89.0678864011929
"PC844",0.0677578975776123,89.1356442987705
"PC845",0.0676876342967081,89.2033319330672
"PC846",0.0676477503423391,89.2709796834096
"PC847",0.0675505794102681,89.3385302628198
"PC848",0.0674971152723427,89.4060273780922
"PC849",0.0674687994756837,89.4734961775679
"PC850",0.0674287674464074,89.5409249450143
"PC851",0.0673914098388495,89.6083163548531
"PC852",0.067348071636415,89.6756644264895
"PC853",0.0673315343447332,89.7429959608343
"PC854",0.0672870475918901,89.8102830084262
"PC855",0.0672075119694874,89.8774905203956
"PC856",0.0671411729246451,89.9446316933203
"PC857",0.0671192143135678,90.0117509076339
"PC858",0.0670291575224214,90.0787800651563
"PC859",0.0670060057338982,90.1457860708902
"PC860",0.0669844843514727,90.2127705552416
"PC861",0.0667952145018869,90.2795657697435
"PC862",0.0667725172080007,90.3463382869515
"PC863",0.0667129103472202,90.4130511972987
"PC864",0.0666607606530493,90.4797119579518
"PC865",0.0666003264733486,90.5463122844251
"PC866",0.0665650043499747,90.6128772887751
"PC867",0.0665516699640133,90.6794289587391
"PC868",0.0664478600865716,90.7458768188257
"PC869",0.0664035754987223,90.8122803943244
"PC870",0.0663351304858114,90.8786155248102
"PC871",0.0662346096504471,90.9448501344607
"PC872",0.0661884390163175,91.011038573477
"PC873",0.0661394189298264,91.0771779924068
"PC874",0.0660477486924394,91.1432257410993
"PC875",0.0659827168567458,91.209208457956
"PC876",0.0659490624708935,91.2751575204269
"PC877",0.065892894647932,91.3410504150748
"PC878",0.0658695375863972,91.4069199526612
"PC879",0.0658345807473826,91.4727545334086
"PC880",0.0657797247534229,91.538534258162
"PC881",0.0657202680594042,91.6042545262215
"PC882",0.0657044364019846,91.6699589626234
"PC883",0.0656068619297582,91.7355658245532
"PC884",0.0654792969482739,91.8010451215015
"PC885",0.0654638323166461,91.8665089538181
"PC886",0.0653414885851764,91.9318504424033
"PC887",0.065290693632391,91.9971411360357
"PC888",0.0652474649477874,92.0623886009835
"PC889",0.0651758706588956,92.1275644716424
"PC890",0.0651043782875984,92.19266884993
"PC891",0.0650509199261455,92.2577197698561
"PC892",0.0650402261966586,92.3227599960528
"PC893",0.065008874795875,92.3877688708486
"PC894",0.0648848130372846,92.4526536838859
"PC895",0.0648237655226557,92.5174774494086
"PC896",0.064683951499597,92.5821614009082
"PC897",0.0646646230209461,92.6468260239291
"PC898",0.0645977668111399,92.7114237907403
"PC899",0.0645578762269695,92.7759816669672
"PC900",0.0644941691698605,92.8404758361371
"PC901",0.0643941787366193,92.9048700148737
"PC902",0.0643638966591108,92.9692339115328
"PC903",0.0643262669045818,93.0335601784374
"PC904",0.0642269808567802,93.0977871592942
"PC905",0.0641761175941037,93.1619632768883
"PC906",0.0640721607134935,93.2260354376018
"PC907",0.063936194495678,93.2899716320975
"PC908",0.0638756941023303,93.3538473261998
"PC909",0.0637854938222088,93.417632820022
"PC910",0.0637039684385282,93.4813367884605
"PC911",0.063686692390907,93.5450234808514
"PC912",0.0635725155118959,93.6085959963633
"PC913",0.0635518329339909,93.6721478292973
"PC914",0.0634563141776704,93.735604143475
"PC915",0.0633726950731034,93.7989768385481
"PC916",0.0633588203690969,93.8623356589172
"PC917",0.0632435893181496,93.9255792482353
"PC918",0.0631987672779765,93.9887780155133
"PC919",0.0630954528781503,94.0518734683915
"PC920",0.063044621787247,94.1149180901787
"PC921",0.0629313412688975,94.1778494314476
"PC922",0.0627786606178819,94.2406280920655
"PC923",0.0627595297851603,94.3033876218507
"PC924",0.0626713321675914,94.3660589540182
"PC925",0.0625868428245249,94.4286457968428
"PC926",0.0625234671563142,94.4911692639991
"PC927",0.0623726382595027,94.5535419022586
"PC928",0.0623026409158314,94.6158445431744
"PC929",0.0622526114440382,94.6780971546185
"PC930",0.062129120672983,94.7402262752914
"PC931",0.062095163663561,94.802321438955
"PC932",0.0619785072320371,94.864299946187
"PC933",0.061920517445973,94.926220463633
"PC934",0.0618156021872584,94.9880360658203
"PC935",0.0617219447854536,95.0497580106057
"PC936",0.0616621317698163,95.1114201423755
"PC937",0.0616181101408167,95.1730382525163
"PC938",0.0615552936804434,95.2345935461968
"PC939",0.0614721041454259,95.2960656503422
"PC940",0.0614101848212228,95.3574758351634
"PC941",0.0613748195780136,95.4188506547415
"PC942",0.0612607237497092,95.4801113784912
"PC943",0.061194215242407,95.5413055937336
"PC944",0.0610016335094543,95.602307227243
"PC945",0.0608070388537889,95.6631142660968
"PC946",0.0607324819872586,95.7238467480841
"PC947",0.0605736145392303,95.7844203626233
"PC948",0.060484114203593,95.8449044768269
"PC949",0.0604073089218999,95.9053117857488
"PC950",0.0603400954399904,95.9656518811888
"PC951",0.0602797504629965,96.0259316316518
"PC952",0.0602130081023593,96.0861446397542
"PC953",0.0601042942353002,96.1462489339895
"PC954",0.06002325647422,96.2062721904637
"PC955",0.0598942086943765,96.266166399158
"PC956",0.059829393408956,96.325995792567
"PC957",0.0596353363262825,96.3856311288933
"PC958",0.0595845658513596,96.4452156947446
"PC959",0.0593852140223673,96.504600908767
"PC960",0.0592264683624023,96.5638273771294
"PC961",0.0592214406903529,96.6230488178198
"PC962",0.0591073506955704,96.6821561685153
"PC963",0.0590276592015263,96.7411838277169
"PC964",0.0589400957849816,96.8001239235018
"PC965",0.0588423059125368,96.8589662294144
"PC966",0.0586401980384214,96.9176064274528
"PC967",0.0584989232756272,96.9761053507284
"PC968",0.0583995349096303,97.0345048856381
"PC969",0.0582247013104094,97.0927295869485
"PC970",0.0581952405081285,97.1509248274566
"PC971",0.0580980687191153,97.2090228961757
"PC972",0.0579333484400123,97.2669562446157
"PC973",0.0577630954849331,97.3247193401007
"PC974",0.0577148581421604,97.3824341982428
"PC975",0.0576263125499579,97.4400605107928
"PC976",0.0574570293836658,97.4975175401764
"PC977",0.0572900118321212,97.5548075520086
"PC978",0.0572692744640703,97.6120768264726
"PC979",0.0571213413463274,97.669198167819
"PC980",0.0570382876450956,97.7262364554641
"PC981",0.0568544988652256,97.7830909543293
"PC982",0.0566317437080653,97.8397226980373
"PC983",0.0565004575272705,97.8962231555646
"PC984",0.0563455271573209,97.9525686827219
"PC985",0.0561161870018432,98.0086848697238
"PC986",0.0559818547640849,98.0646667244879
"PC987",0.0558948324739978,98.1205615569619
"PC988",0.0556371524985361,98.1761987094604
"PC989",0.0553644033021666,98.2315631127626
"PC990",0.0550935328064452,98.286656645569
"PC991",0.0548637706961042,98.3415204162651
"PC992",0.0546892368004542,98.3962096530656
"PC993",0.0543604142085948,98.4505700672742
"PC994",0.0542019127725609,98.5047719800467
"PC995",0.054034180870831,98.5588061609176
"PC996",0.0538598735794434,98.612666034497
"PC997",0.0530711539724215,98.6657371884694
"PC998",0.0525033529465323,98.718240541416
"PC999",0.0524396931784251,98.7706802345944
"PC1000",0.0521203745867966,98.8228006091812
"PC1001",0.0512924935622993,98.8740931027435
"PC1002",0.0511532865509912,98.9252463892945
"PC1003",0.0505641566203624,98.9758105459148
"PC1004",0.0500454445843174,99.0258559904992
"PC1005",0.0498456588074539,99.0757016493066
"PC1006",0.0495401828069724,99.1252418321136
"PC1007",0.048944034180291,99.1741858662939
"PC1008",0.0485548300017892,99.2227406962957
"PC1009",0.0480748709953743,99.270815567291
"PC1010",0.0470808603410877,99.3178964276321
"PC1011",0.0468370118539438,99.3647334394861
"PC1012",0.0464562505462166,99.4111896900323
"PC1013",0.0445453567331905,99.4557350467655
"PC1014",0.0437002649755653,99.499435311741
"PC1015",0.0420708564274246,99.5415061681685
"PC1016",0.0403761308765023,99.581882299045
"PC1017",0.0396946347138034,99.6215769337588
"PC1018",0.0382048318334056,99.6597817655922
"PC1019",0.0365773275174852,99.6963590931096
"PC1020",0.0348803740971333,99.7312394672068
"PC1021",0.033000668455063,99.7642401356619
"PC1022",0.0309400953139549,99.7951802309758
"PC1023",0.0302024969934581,99.8253827279693
"PC1024",0.0295293029787832,99.854912030948
"PC1025",0.0276584954453432,99.8825705263934
"PC1026",0.0263331855189828,99.9089037119124
"PC1027",0.0244616478034771,99.9333653597159
"PC1028",0.0232080188286651,99.9565733785445
"PC1029",0.0231671670341017,99.9797405455786
"PC1030",0.0202594544213839,100
"PC1031",1.1234081545106e-30,100
"PC1032",8.68724833124861e-31,100
"PC1033",8.26631609621592e-31,100
"PC1034",6.19097461967204e-31,100
"PC1035",4.1958282347948e-31,100
"PC1036",3.98384931121016e-31,100
"PC1037",3.96934342461707e-31,100
"PC1038",3.92990390173084e-31,100
"PC1039",3.83781406114238e-31,100
"PC1040",3.72140532509367e-31,100
"PC1041",3.41697155434998e-31,100
"PC1042",3.34817380378917e-31,100
"PC1043",3.33318464477263e-31,100
"PC1044",3.23171459251272e-31,100
"PC1045",3.10873457241638e-31,100
"PC1046",2.91506520560495e-31,100
"PC1047",2.83623391991403e-31,100
"PC1048",2.79577962462263e-31,100
"PC1049",2.74137203601981e-31,100
"PC1050",2.53616347383464e-31,100
"PC1051",2.43497995162199e-31,100
